mat	Mat
luk	Luk
jan	Jan
dha	dha
st	st
mójz	Mójz
někotzi	někotři
jez	Jez
zk	sk
šedši	šedši
jap	Jap
wonkach	wonkach
pz	Ps
o	o
wuńdźechu	wuńdźechu
wšitkón	wšitkón
pšišedši	pšišedši
jeneho	jeneho
ztanuł	stanuł
wachujće	wachujće
mozy	mozy
mmat	Mat
cžoho	čoho
wobsynjeny	wobsynjeny
widźić	widźić
s	s
srjedźa	srjedźa
schimana	Šimana
prjódk	prjódk
mošt	mošt
jer	jer
hlajće	hlajće
evangelion	ewangelion
zejch	zejch
zejchi	zejchi
wjedźiše	wjedźiše
wjedźechu	wjedźechu
swj	swj
posleni	posleni
njewumrje	njewumrě
njerozymiće	njerozymiće
kor	kor
kapernauma	Kapernauma
jichtnemu	jichtnemu
iii	iii
dwanaćimi	dwanaćimi
dótknuł	dótknuł
bethanije	Bethanije
ź	ź
znutskach	znutskach
złonikami	słonikami
zebedeoweho	zebedeoweho
zatorhnjeni	zatorhnjeni
zatana	zatana
zahinuć	zahinuć
wuzkhnuł	wuschnuł
wotetń	woteńdź
wjedźił	wjedźił
wjedźili	wjedźili
t	t
tirizkich	Tiriskich
tim	tim
thes	Thes
scht	Št
poztań	postań
mal	mal
mai	mai
łuł	łuł
łuk	łuk
lizće	lisće
kwić	kwić
krwawu	krwawu
khelich	khelich
hew	hew
hebr	Hebr
eph	Eph
eli	eli
d	d
dapit	dapit
dan	dan
dala	dala
člorózki	člorózki
čeŕro	čeŕro
[a	[a
*	*
zžebedeusowaj	zžebedeusowaj
zžebedea	zžebedea
zwježe	zwježe
zt	zt
ztpiću	ztpiću
ztpiće	ztpiće
ztań	sań
zrozyńće	zrozyńće
złonikow	złonikow
złi	złi
zirena	zirena
zidźi	zidźi
zidowzkeje	zidowzkeje
židowzka	židowzka
zhubi	zhubi
zhubić	zhubić
zhromadźić	zhromadźić
zhonjene	zhonjene
zhoni	zhoni
zežrachu	zežrachu
zežeru	zežeru
zezareje	zezareje
zetkać	zetkać
zesydachu	zesydachu
ženić	ženić
zemjerženje	zemjerženje
zelinu	zelinu
zelina	zelina
zeleny	zeleny
zelenu	zelenu
zejchp	zejchp
zejchach	zejchach
zebrał	zebrał
zebrachu	zebrachu
zdźeržeć	zdźeržeć
zdusychu	zdusychu
zduša	zduša
zda	zda
zčinjene	zčinjene
zčinitej	zčinitej
zčinili	zčinili
zčinić	zčinić
zćě	zćě
zćelichu	zćelichu
zća	zća
zćał	zćał
zbytknych	zbytknych
zbytka	zbytka
zbudźił	zbudźił
zbudźichu	zbudźichu
zbudźeneho	zbudźeneho
zboža	zboža
zbić	zbić
zběhń	zběhń
zběhnje	zběhnje
zběhnjeće	zběhnjeće
zazta	zazta
zazpjeny	zazpjeny
zazpity	zazpity
zawutlili	zawutlili
zawoztali	zawoztali
zawołachu	zawołachu
zawjezć	zawjezć
zawješk	zawješk
zawjedli	zawjedli
zawizću	zawizću
zawali	zawali
zaty	zaty
zatanje	zatanje
zatamanztwo	zatamanztwo
zatamany	zatamany
zatamachu	zatamachu
zašło	zašło
zašli	zašli
žarowachu	žarowachu
zaroću	zaroću
zapšimny	zapšimny
zapšija	zapšija
zaprě	zaprě
zaprěj	zaprěj
zapowjedźić	zapowjedźić
zapomnili	zapomnili
započatk	započatk
zapłatu	zapłatu
zapłata	zapłata
zapłaćenju	zapłaćenju
zapalne	zapalne
žany	žany
žaneje	žaneje
zańdźe	zańdźe
zańdźechu	zańdźechu
zańć	zańć
žana	žana
zamóženje	zamóženje
zamolwjenje	zamolwjenje
žałozći	žałozći
žałbowanje	žałbowanje
žałbowałe	žałbowałe
žałbowała	žałbowała
žałbowachu	žałbowachu
zakšičachu	zakšičachu
zakonja	zakonja
zakleću	zakleću
zakhowachu	zakhowachu
zakazachmy	zakazachmy
zahrodźe	zahrodźe
zahoji	zahoji
zahojena	zahojena
zahnać	zahnać
zahłwku	zahłwku
zady	zady
zadyn	zadyn
žadozćow	žadozćow
zaćmić	zaćmić
zaćisnjeny	zaćisnjeny
zaćisnjeće	zaćisnjeće
zaćisli	zaćisli
zabjichu	zabjichu
zabijmy	zabijmy
zabachthani	zabachthani
x	x
wzmiće	wzmiće
wzawši	wzawši
wzate	wzate
wzata	wzata
wzali	wzali
wzać	wzać
wyššemu	wyššemu
wysozy	wysozy
wysoku	wysoku
wysoko	wysoko
[w	[w
wuzwolił	wuzwolił
wuztrowjeny	wuztrowjeny
wuztrowjeni	wuztrowjeni
wuztrowił	wuztrowił
wuztrowiła	wuztrowiła
wuztrowichu	wuztrowichu
wuztaji	wuztaji
wuztajili	wuztajili
wuztajenja	wuztajenja
wuzpěwali	wuzpěwali
wuznachu	wuznachu
wuznaće	wuznaće
wuzkhnjenej	wuzkhnjenej
wužitniše	wužitniše
wuwjedźechu	wuwjedźechu
wutrobow	wutrobow
wutrobje	wutrobje
wušow	wušow
wušomaj	wušomaj
wusłyša	wusłyša
wušła	wušła
wusadźena	wusadźena
wusad	wusad
wusadny	wusadny
wusadneho	wusadneho
wurubi	wurubi
wurubany	wurubany
wurjedźi	wurjedźi
wupuzćenju	wupuzćenju
wupuzćenja	wupuzćenja
wuplunu	wuplunu
wunńdź	wunńdź
wunńć	wunńć
wuńdźě	wuńdźě
wuńdźeštaj	wuńdźeštaj
wuńć	wuńć
wumrjeło	wumrjeło
wumrjeła	wumrjeła
wumoženju	wumoženju
wułoži	wułoži
wułožiła	wułožiła
wulku	wulku
wulije	wulije
wula	wula
wukopa	wukopa
wukładowanje	wukładowanje
wukhoda	wukhoda
wuhnali	wuhnali
wuhnać	wuhnać
wuhnachu	wuhnachu
wuhanjeneho	wuhanjeneho
wudowow	wudowow
wudowje	wudowje
wudawaju	wudawaju
wudawać	wudawać
wučom	wučom
wučomnikaj	wučomnikaj
wučizćenje	wučizćenje
wučiš	wučiš
wućisnychu	wućisnychu
wučił	wučił
wučili	wučili
wučiće	wučiće
wucho	wucho
wučby	wučby
wuča	wuča
wućahnu	wućahnu
wšudźom	wšudźom
wšitkichpóhanow	wšitkichpóhanow
wšitkemu	wšitkemu
wšelkich	wšelkich
wšelake	wšelake
wšědnje	wšědnje
wsach	wsach
wrótnikej	wrótnikej
wrězkachu	wrězkachu
woztanje	woztanje
woztaji	woztaji
woztajeny	woztajeny
woztajenemu	woztajenemu
woztać	woztać
woztachu	woztachu
wótznym	wótznym
wótzneho	wótzneho
wotwježtaj	wotwježtaj
wotwjazataj	wotwjazataj
wotwjazaštaj	wotwjazaštaj
wotwalić	wotwalić
wotwaleny	wotwaleny
wottorhnje	wottorhnje
wotročzy	wotročzy
wotročkow	wotročkow
wotročkam	wotročkam
wotpušći	wotpušći
wotpušćił	wotpušćił
wotpušćichu	wotpušćichu
wotpočować	wotpočować
wotpočće	wotpočće
wotmolwił	wotmolwił
wotmolwili	wotmolwili
wotmolwće	wotmolwće
wotmolrbće	wotmolrbće
wotmłódnje	wotmłódnje
wotkrychu	wotkrychu
wotkhadźachu	wotkhadźachu
wotkal	wotkal
wotewŕ	wotewŕ
wotewrjene	wotewrjene
wotewrištej	wotewrištej
wotešoł	wotešoł
wotešli	wotešli
woteńdźechu	woteńdźechu
wotćisnu	wotćisnu
wótče	wótče
wotćata	wotćata
wosyte	wosyte
woselić	woselić
woseleny	woseleny
wosebnym	wosebnym
wosebnje	wosebnje
wosebniši	wosebniši
wopušćił	wopušćił
wopušćili	wopušćili
wopušćić	wopušćić
wopušćichu	wopušćichu
wopušćiće	wopušćiće
wopruj	wopruj
wopruju	wopruju
woprowane	woprowane
woprašujeće	woprašujeće
woprašować	woprašować
wopor	wopor
wopomnjenju	wopomnjenju
wonkachpšed	wonkachpšed
wonjaze	wonjaze
woněm	woněm
wolu	wolu
wolijowu	wolijowu
wolijom	wolijom
wołanjom	wołanjom
wokošeć	wokošeć
wokom	wokom
wokolnym	wokolnym
wokolnych	wokolnych
wójnow	wójnow
wojazy	wojazy
wohladawši	wohladawši
wohladam	wohladam
wohladali	wohladali
wohenju	wohenju
wohenjom	wohenjom
wodźić	wodźić
wodźe	wodźe
wodu	wodu
wodawanje	wodawanje
wodawanja	wodawanja
wodał	wodał
wodajće	wodajće
wodać	wodać
wočow	wočow
woćichnu	woćichnu
wočakowaše	wočakowaše
wobzteji	wobzteji
wobzkoržuja	wobzkoržuja
wobzkoržili	wobzkoržili
wobwješerja	wobwješerja
wobtwjerdźi	wobtwjerdźi
wobsynjenych	wobsynjenych
wobruba	wobruba
wobras	wobras
wobličo	wobličo
wobliča	wobliča
woblečeny	woblečeny
wobkhodźi	wobkhodźi
wobkhłódkowa	wobkhłódkowa
wobhrodźi	wobhrodźi
wobhonili	wobhonili
wobhlada	wobhlada
wobešli	wobešli
wobej	wobej
wobarnowa	wobarnowa
wobarać	wobarać
włosami	włosami
wje	wje
wjetši	wjetši
wjesełozću	wjesełozću
wjeŕšneho	wjeŕšneho
wjeŕcha	wjeŕcha
wjedźeni	wjedźeni
wjedźće	wjedźće
wječeŕ	wječeŕ
wječerjow	wječerjow
wino	wino
winoweho	winoweho
winojty	winojty
winizarjo	winizarjo
widźu	widźu
widźichmy	widźichmy
widźiće	widźiće
widźeny	widźeny
widźazymaj	widźazymaj
wichor	wichor
wězach	wězach
wětrow	wětrow
wětrej	wětrej
wěš	wěš
wěšć	wěšć
wěšćił	wěšćił
wěry	wěry
wěru	wěru
wěrny	wěrny
wěrju	wěrju
wěrjazych	wěrjazych
wěrja	wěrja
wěrił	wěrił
wěrić	wěrić
wěmy	wěmy
wěm	wěm
wěčnozće	wěčnozće
wěčnje	wěčnje
wašu	wašu
wašnje	wašnje
wašich	wašich
wašej	wašej
wašeje	wašeje
walichu	walichu
waleše	waleše
wačok	wačok
wachował	wachował
wachować	wachować
wabjachu	wabjachu
ut	ut
tzěše	tzěše
tzěchu	tzěchu
tzećeje	tzećeje
tyšnozć	tyšnozć
tymaj	tymaj
tydźenja	tydźenja
tychkiž	tychkiž
twój	twój
twojim	twojim
twojimi	twojimi
twojeho	twojeho
twjerdu	twjerdu
twjerdozći	twjerdozći
twjerdon	twjerdon
twariš	twariš
tutej	tutej
tšepjetaše	tšepjetaše
tšepjetać	tšepjetać
tšasechu	tšasechu
tšasće	tšasće
trjeba	trjeba
trjebaše	trjebaše
trawu	trawu
trašić	trašić
tórm	tórm
torhošćo	torhošćo
torhošća	torhošća
torha	torha
torhać	torhać
tirusa	tirusa
timeowy	timeowy
thomaša	thomaša
thaddeja	thaddeja
tepichu	tepichu
teju	teju
tawzyntow	tawzyntow
tamnu	tamnu
talitha	talitha
tajku	tajku
tajki	tajki
tajkim	tajkim
tajkej	tajkej
synuł	synuł
synaj	synaj
symjenjemi	symjenjemi
symjenja	symjenja
sylzami	sylzami
syłu	syłu
sylniši	sylniši
sylnemu	sylnemu
sylneho	sylneho
sydaju	sydaju
šwom	šwom
swojeju	swojeju
swjatym	swjatym
swjateje	swjateje
swinjow	swinjow
swinjazy	swinjazy
swězu	swězu
swět	swět
swětni	swětni
swědčeše	swědčeše
swědča	swědča
swěćenk	swěćenk
šulow	šulow
suknju	suknju
sukni	sukni
sudźenja	sudźenja
sudny	sudny
sudneje	sudneje
štyrzyći	štyrzyći
štwórtk	štwórtk
štwórtej	štwórtej
štundu	štundu
štomy	štomy
stańće	stańće
štalće	štalće
ssyń	ssyń
ssyno	ssyno
ssynom	ssynom
ssyńće	ssyńće
ssylni	ssylni
ssabat	ssabat
sotra	sotra
šoł	šoł
sodomzkim	sodomzkim
sněh	sněh
snadź	snadź
smjertneho	smjertneho
smjerć	smjerć
smjeć	smjeć
smilił	smilił
słyšazymaj	słyšazymaj
słyšazych	słyšazych
słyšane	słyšane
słyšała	słyšała
słužomnik	słužomnik
słužomnikow	słužomnikow
słužomnikami	słužomnikami
słužił	słužił
słužiłe	słužiłe
słužić	słužić
słužeše	słužeše
słuža	słuža
słužachu	słužachu
slubichu	slubichu
słowow	słowow
słowach	słowach
slečechu	slečechu
šła	šła
šlachće	šlachće
słabe	słabe
škodźić	škodźić
škodu	škodu
škoda	škoda
sirophönizizka	sirophönizizka
šiju	šiju
sidona	sidona
šeztej	šeztej
šezći	šezći
serp	serp
šerpatzy	šerpatzy
šerjenje	šerjenje
selu	selu
sedźił	sedźił
sedźiłaj	sedźiłaj
schtóha	schtóha
schiman	schiman
schimanowy	schimanowy
schimanoweje	schimanoweje
schimanowa	schimanowa
schimanje	schimanje
schimanej	schimanej
šćežki	šćežki
sće	sće
sběhń	sběhń
šaz	šaz
saswěći	saswěći
sap	sap
samu	samu
samaj	samaj
sadźił	sadźił
sadduzejzzy	sadduzejzzy
sach	sach
sabatom	sabatom
sabatminułbě	sabatminułbě
sabata	sabata
ryčiće	ryčiće
ryče	ryče
ryčeli	ryčeli
ryčće	ryčće
ryčazych	ryčazych
ryčana	ryčana
ryčachu	ryčachu
ryčach	ryčach
rybow	rybow
rybičkow	rybičkow
runozće	runozće
rune	rune
runa	runa
ruffowy	ruffowy
rubom	rubom
ruba	ruba
rubachu	rubachu
roztło	roztło
rozomnje	rozomnje
rozomniši	rozomniši
rozomje	rozomje
rozoma	rozoma
róznodźělenju	róznodźělenju
róžknemu	róžknemu
rozeńć	rozeńć
rozćechu	rozćechu
rowu	rowu
rowowych	rowowych
rowow	rowow
rowowe	rowowe
roswjaza	roswjaza
rostorže	rostorže
rostorhał	rostorhał
rossywaše	rossywaše
rossywa	rossywa
rossywał	rossywał
rossyte	rossyte
rosryčowanje	rosryčowanje
rosryčowali	rosryčowali
rosryčowachu	rosryčowachu
rosryčešće	rosryčešće
rospušć	rospušć
rospušćił	rospušćił
rospuću	rospuću
rosnjesena	rosnjesena
rosnjesechu	rosnjesechu
rosłamaš	rosłamaš
rosłamany	rosłamany
rosłamał	rosłamał
rosłamać	rosłamać
roskopali	roskopali
roskazuje	roskazuje
rosdźěli	rosdźěli
rosdźělichu	rosdźělichu
rosćěkać	rosćěkać
rosbi	rosbi
ropoće	ropoće
rolu	rolu
roda	roda
róčny	róčny
rjemjenje	rjemjenje
rjeknył	rjeknył
rjeknuł	rjeknuł
rjeknuć	rjeknuć
rjeknješ	rjeknješ
rjećazy	rjećazy
rjadu	rjadu
rězy	rězy
rěkaš	rěkaš
rěkać	rěkać
rejwaše	rejwaše
ras	ras
ranjo	ranjo
radźi	radźi
radšo	radšo
radny	radny
radnych	radnych
rada	rada
rachnowany	rachnowany
rabbuni	rabbuni
pytnychu	pytnychu
pytaše	pytaše
pyta	pyta
pytaju	pytaju
pytaće	pytaće
pycha	pycha
puztych	puztych
puzte	puzte
puzćina	puzćina
puta	puta
putami	putami
pušć	pušć
pušćiwši	pušćiwši
pušćiła	pušćiła
pušćichu	pušćichu
pušćeše	pušćeše
pušća	pušća
purpurzki	purpurzki
psyčatka	psyčatka
pšiztupištaj	pšiztupištaj
pšiztupichu	pšiztupichu
pšiztajichu	pšiztajichu
pšiwjedźtaj	pšiwjedźtaj
pšiwjedźeštaj	pšiwjedźeštaj
pšiwjedźće	pšiwjedźće
pšiwjedł	pšiwjedł
pšiwali	pšiwali
pšisudźić	pšisudźić
pšisłušeće	pšisłušeće
pšisłušachu	pšisłušachu
pšisahnu	pšisahnu
pšisahi	pšisahi
pšisahać	pšisahać
pširunanjom	pširunanjom
pširunanjach	pširunanjach
pšipowjedźi	pšipowjedźi
pšipowjedaj	pšipowjedaj
pšipowjedachu	pšipowjedachu
pšinući	pšinući
pšinošachu	pšinošachu
pšinjezće	pšinjezće
pšinjesu	pšinjesu
pšinjesła	pšinjesła
pšińdź	pšińdź
pšińdźetaj	pšińdźetaj
pšińdźeće	pšińdźeće
pšimńće	pšimńće
pšikrywać	pšikrywać
pšikrótšił	pšikrótšił
pšikhadźachu	pšikhadźachu
pšikažu	pšikažu
pšija	pšija
pšijachu	pšijachu
pšihotujtaj	pšihotujtaj
pšihotowaštaj	pšihotowaštaj
pšihotowanja	pšihotowanja
pšihotowane	pšihotowane
pšihotowana	pšihotowana
pšihotowali	pšihotowali
pšihladowaše	pšihladowaše
pšihladowachu	pšihladowachu
pšidać	pšidać
pšichodna	pšichodna
pšibližowachu	pšibližowachu
pšibližał	pšibližał
pšibjera	pšibjera
pšiběži	pšiběži
pšiběžawši	pšiběžawši
pšezta	pšezta
pšezćěrachu	pšezćěrachu
pšezćěhanje	pšezćěhanje
pšezćěhanjemi	pšezćěhanjemi
pšezběhń	pšezběhń
pšewróći	pšewróći
pšewodźić	pšewodźić
pšewjezmy	pšewjezmy
pšešpotowali	pšešpotowali
pšeradźić	pšeradźić
pšeradźeny	pšeradźeny
pšeradnik	pšeradnik
pšenjesł	pšenjesł
pšeńdźe	pšeńdźe
pšenaja	pšenaja
pšeměnjachu	pšeměnjachu
pšeměni	pšeměni
pšelata	pšelata
pšekrasnjenju	pšekrasnjenju
pšedata	pšedata
pšedaj	pšedaj
pšećiwić	pšećiwić
pšećelach	pšećelach
psam	psam
prózu	prózu
prózuješ	prózuješ
prózdneho	prózdneho
prosytaj	prosytaj
proš	proš
prošće	prošće
prophetojo	prophetojo
prophetach	prophetach
proch	proch
prěnim	prěnim
prěješe	prěješe
prěduje	prěduje
prědujće	prědujće
prědował	prědował
prědować	prědować
prědarja	prědarja
prawy	prawy
prawych	prawych
prawe	prawe
prawej	prawej
praweje	praweje
prawdu	prawdu
prasu	prasu
prašeju	prašeju
prašachu	prašachu
prajimy	prajimy
prajiła	prajiła
praještaj	praještaj
prajene	prajene
prajachu	prajachu
p.	p.
p	p
poztrowić	poztrowić
poztanuć	poztanuć
poztaji	poztaji
póznawši	póznawši
póznaću	póznaću
pozćenje	pozćenje
pózćelu	pózćelu
pozćachu	pozćachu
powoła	powoła
powołanju	powołanju
powołanje	powołanje
powjes	powjes
powjedaštaj	powjedaštaj
powjedaše	powjedaše
powjedachu	powjedachu
powitachu	powitachu
potrjeba	potrjeba
potrjebamy	potrjebamy
potajnztwa	potajnztwa
potajne	potajne
potajić	potajić
poswjećene	poswjećene
posłušnaj	posłušnaj
posłuchał	posłuchał
posłuchaju	posłuchaju
posłuchać	posłuchać
posłuchachu	posłuchachu
pósli	pósli
poslenim	poslenim
posledka	posledka
porzty	porzty
poryčał	poryčał
popanyli	popanyli
ponižnozći	ponižnozći
póńdźe	póńdźe
póńdu	póńdu
pomysliće	pomysliće
pomozu	pomozu
pomoz	pomoz
pomhaše	pomhaše
pomha	pomha
pomhał	pomhał
pomhała	pomhała
polu	polu
połožu	połožu
połož	połož
połožištaj	połožištaj
połožił	połožił
połožili	połožili
połoženy	połoženy
polo	polo
połojzy	połojzy
połnozy	połnozy
pokuty	pokuty
pokutu	pokutu
pokuće	pokuće
pokrotu	pokrotu
pokrotow	pokrotow
pokleć	pokleć
poklał	poklał
pokaž	pokaž
pokazać	pokazać
pójtaj	pójtaj
pojězć	pojězć
pojědli	pojědli
pohrozychu	pohrozychu
pohrjebanju	pohrjebanju
pohrjebanje	pohrjebanje
pohóršili	pohóršili
pohóršić	pohóršić
pohóršenju	pohóršenju
pohórša	pohórša
pohóršachu	pohóršachu
pohladachu	pohladachu
póhanzkeje	póhanzkeje
póhanow	póhanow
podźiwa	podźiwa
podnóžki	podnóžki
podarmo	podarmo
podali	podali
podachu	podachu
počasni	počasni
pobrać	pobrać
plunu	plunu
plujachu	plujachu
płotom	płotom
płodźeše	płodźeše
płodow	płodow
płata	płata
płatajo	płatajo
płakaše	płakaše
płačeće	płačeće
pj	pj
pjeńka	pjeńka
pjenježk	pjenježk
pjazćemi	pjazćemi
pjatk	pjatk
pismawučeny	pismawučeny
pismawučenym	pismawučenym
pisał	pisał
pilatusom	pilatusom
pilatusej	pilatusej
pilatej	pilatej
piju	piju
pije	pije
pijachu	pijachu
pharizejzkim	pharizejzkim
pharizejkich	pharizejkich
pěši	pěši
pěnješe	pěnješe
pěni	pěni
pěknje	pěknje
paztwje	paztwje
pasu	pasu
pas	pas
paršonu	paršonu
panu	panu
panuć	panuć
palmarum	palmarum
padźechu	padźechu
paduchztwo	paduchztwo
pad	pad
padać	padać
padachu	padachu
ó	ó
nuzy	nuzy
nutskach	nutskach
nutsćehnjenju	nutsćehnjenju
nóznej	nóznej
nowy	nowy
nowymi	nowymi
nosyć	nosyć
nopow	nopow
noha	noha
nochzyše	nochzyše
n	n
njeztróžće	njeztróžće
njezteji	njezteji
njeztaraš	njeztaraš
njeztarajće	njeztarajće
njeztało	njeztało
njezrozymili	njezrozymili
njezrozymichu	njezrozymichu
njezrozymiće	njezrozymiće
njezpominaće	njezpominaće
njezkhrobli	njezkhrobli
njezběhnuł	njezběhnuł
njezawjedł	njezawjedł
njezapłaćene	njezapłaćene
njezamóžeš	njezamóžeš
njezakažće	njezakažće
njewza	njewza
njewuztejiš	njewuztejiš
njewušło	njewušło
njewuhnał	njewuhnał
njewróć	njewróć
njewoztajichu	njewoztajichu
njewozmu	njewozmu
njewotpušćiće	njewotpušćiće
njewopomńće	njewopomńće
njewodaće	njewodaće
njewobroćili	njewobroćili
njewoblekli	njewoblekli
njewobarajće	njewobarajće
njewjeseły	njewjeseły
njewjedźiše	njewjedźiše
njewjedźił	njewjedźił
njewjedźichu	njewjedźichu
njewidźichu	njewidźichu
njewidźiće	njewidźiće
njewězty	njewězty
njewěztaj	njewěztaj
njewězći	njewězći
njewěru	njewěru
njewěrny	njewěrny
njewěri	njewěri
njewěŕće	njewěŕće
njewěmy	njewěmy
njewěm	njewěm
njesmědźeše	njesmědźeše
njesłyšiće	njesłyšiće
njesłona	njesłona
njesł	njesł
njeseny	njeseny
njese	njese
njeryčeše	njeryčeše
njerozomni	njerozomni
njerodźiš	njerodźiš
njepšišoł	njepšišoł
njepšišiwa	njepšišiwa
njepšińdź	njepšińdź
njepšińdźeće	njepšińdźeće
njepšikrótšił	njepšikrótšił
njepšida	njepšida
njepraweho	njepraweho
njeprawdozć	njeprawdozć
njeprajiš	njeprajiš
njeprajachu	njeprajachu
njepóznali	njepóznali
njepóznajeće	njepóznajeće
njepózćiwozć	njepózćiwozć
njepowěs	njepowěs
njepowěm	njepowěm
njepotrjebaju	njepotrjebaju
njeposłuchaju	njeposłuchaju
njepomhaše	njepomhaše
njepłaći	njepłaći
njepjelni	njepjelni
njeńdźe	njeńdźe
njenarodźił	njenarodźił
njenamaka	njenamaka
njenamakachu	njenamakachu
njemytymaj	njemytymaj
njemudrozć	njemudrozć
njemóžne	njemóžne
njemóža	njemóža
njemóžachmy	njemóžachmy
njeměra	njeměra
njelěs	njelěs
njekhodźa	njekhodźa
njejztaj	njejztaj
njejsy	njejsy
njejsym	njejsym
njejsu	njejsu
njejsmy	njejsmy
njejěs	njejěs
njehladaš	njehladaš
njedźěl	njedźěl
njedoztał	njedoztał
njedawać	njedawać
njeda	njeda
njedać	njedać
nječwilował	nječwilował
nječiztymi	nječiztymi
nječiztemu	nječiztemu
njećišćeli	njećišćeli
nječinili	nječinili
njechał	njechał
njebyło	njebyło
njebudu	njebudu
njebuchu	njebuchu
njebrali	njebrali
njebjo	njebjo
njebjesow	njebjesow
njebjesa	njebjesa
njebjesam	njebjesam
njebjesami	njebjesami
njeběchu	njeběchu
nihdźe	nihdźe
nicżo	nicżo
ně	ně
němym	němym
němych	němych
němeho	němeho
někajzy	někajzy
někajkeho	někajkeho
někajka	někajka
něhdźe	něhdźe
naztróženje	naztróženje
naztróženi	naztróženi
naztałe	naztałe
nazběrachu	nazběrachu
nazarenzki	nazarenzki
nazarenzkeho	nazarenzkeho
nawučeni	nawučeni
nawoženju	nawoženju
natwari	natwari
natwarić	natwarić
nasyćili	nasyćili
nasyćenje	nasyćenje
naswari	naswari
naš	naš
našimaj	našimaj
naše	naše
naselene	naselene
našeho	našeho
narodźe	narodźe
narodom	narodom
narodny	narodny
narod	narod
nardoweje	nardoweje
napowaše	napowaše
napowa	napowa
[naposledku	[naposledku
naplećechu	naplećechu
napjelnjena	napjelnjena
napjelni	napjelni
napismo	napismo
napisane	napisane
napisał	napisał
napisać	napisać
napić	napić
naměsaznym	naměsaznym
namakał	namakał
namakachu	namakachu
nakupichu	nakupichu
najwosnebiša	najwosnebiša
najwosebnišej	najwosebnišej
najmjeńše	najmjeńše
najědźa	najědźa
najatych	najatych
nahi	nahi
nahim	nahim
nadźije	nadźije
nadpadźechu	nadpadźechu
mužow	mužow
mudrozć	mudrozć
mróčel	mróčel
mróčele	mróčele
mróčelemi	mróčelemi
mróčelach	mróčelach
móznje	móznje
mózni	mózni
móžetaj	móžetaj
móžeš	móžeš
móžeće	móžeće
móžachu	móžachu
morwy	morwy
morjo	morjo
mordaŕzku	mordaŕzku
mordarjow	mordarjow
mordarja	mordarja
mórčachu	mórčachu
mójzasowych	mójzasowych
mójzasom	mójzasom
mójzasej	mójzasej
mojimi	mojimi
mojich	mojich
mojemu	mojemu
mojeje	mojeje
modlu	modlu
modlitwy	modlitwy
modlitwje	modlitwje
modlitwami	modlitwami
modlił	modlił
młynzki	młynzki
młodźenzy	młodźenzy
młodźenz	młodźenz
młodźenza	młodźenza
młodozće	młodozće
mjezy	mjezy
mjezach	mjezach
mjenuje	mjenuje
mjenowany	mjenowany
mjenom	mjenom
mjena	mjena
mjelčeše	mjelčeše
mjelčał	mjelčał
mječ	mječ
mjaso	mjaso
mištr	mištr
mištra	mištra
minuł	minuł
měztkach	měztkach
mesiasu	mesiasu
měsaz	měsaz
měrom	měrom
měrić	měrić
měriće	měriće
měnjachu	měnjachu
měła	měła
měještaj	měještaj
měd	měd
maru	maru
mark	mark
marka	marka
marji	marji
mariny	mariny
mandźelztwo⸗-łamazym	mandźelztwo⸗-łamazym
mandźelztwo⸗łamanje	mandźelztwo⸗łamanje
mandźelzkich	mandźelzkich
mandźelzkeje	mandźelzkeje
mały	mały
małozće	małozće
mało	mało
ma⸗li	ma⸗li
małej	małej
małeho	małeho
maju	maju
maja	maja
mait	mait
madlenje	madlenje
maćerje	maćerje
maće⸗li	maće⸗li
mača	mača
luł	luł
ludom	ludom
lubowaše	lubowaše
łubju	łubju
lubješe	lubješe
łožu	łožu
lóžšo	lóžšo
lóžše	lóžše
lóže	lóže
łožach	łožach
lósowachu	lósowachu
lóslizt	lóslizt
łódźičku	łódźičku
łódźičkow	łódźičkow
llii	llii
l	l
lizćo	lizćo
linuć	linuć
leztrowanju	leztrowanju
leži	leži
levia	levia
lětny	lětny
lěsny	lěsny
lesnozću	lesnozću
lesnozć	lesnozć
lěkarjow	lěkarjow
lěkarja	lěkarja
legion	legion
lazuje	lazuje
lama	lama
łamać	łamać
lakomztwo	lakomztwo
lakomztwje	lakomztwje
łakaše	łakaše
kwasu	kwasu
kwasni	kwasni
kuzk	kuzk
kurwaŕztwo	kurwaŕztwo
kupowachu	kupowachu
kupili	kupili
kupi	kupi
kupić	kupić
kumi	kumi
kubłow	kubłow
kšižowany	kšižowany
kšižowanje	kšižowanje
kšižowaneho	kšižowaneho
kšižowanaj	kšižowanaj
kšipi	kšipi
kšćiše	kšćiše
kšćiće	kšćiće
kšćenizy	kšćenizy
kšćeni	kšćeni
krwě	krwě
krošu	krošu
kroš	kroš
krónu	krónu
krónowanje	krónowanje
krjudowaneho	krjudowaneho
krej	krej
krasnozću	krasnozću
krasnozći	krasnozći
krasneje	krasneje
kranyć	kranyć
kralow	kralow
kralo	kralo
kraleztwu	kraleztwu
kraleztwje	kraleztwje
kralej	kralej
krala	krala
kralach	kralach
kóždemu	kóždemu
kóždeho	kóždeho
kotrymžkuli	kotrymžkuli
kotrymiž	kotrymiž
kotruž	kotruž
kotre	kotre
kotrejž	kotrejž
kotreho	kotreho
kotra	kotra
kotrajž	kotrajž
korban	korban
koło	koło
kol	kol
kolena	kolena
ko	ko
knjezej	knjezej
knježa	knježa
knihach	knihach
kłosy	kłosy
kisałom	kisałom
kij	kij
khwili	khwili
khwile	khwile
khwatanjom	khwatanjom
khwatachu	khwatachu
khwalobny	khwalobny
khwalene	khwalene
khwaleneho	khwaleneho
khudych	khudych
khudoby	khudoby
khudej	khudej
khryztusowe	khryztusowe
khryztusej	khryztusej
khryztojo	khryztojo
khromy	khromy
khoztani	khoztani
khoztać	khoztać
khoporowych	khoporowych
khodźiłe	khodźiłe
khodźa	khodźa
khodźachu	khodźachu
khłódkom	khłódkom
khlěbami	khlěbami
khlěbach	khlěbach
khilał	khilał
khěžow	khěžow
khěžorowe	khěžorowe
khětzje	khětzje
khěrluš	khěrluš
khelicha	khelicha
khapony	khapony
khanow	khanow
khanku	khanku
keŕka	keŕka
kedźbowachu	kedźbowachu
kaznje	kaznje
kazni	kazni
kašću	kašću
karan	karan
kananejzkeho	kananejzkeho
kamjenju	kamjenju
kamjenjej	kamjenjej
kamjelzkimi	kamjelzkimi
kamjel	kamjel
kajphasom	kajphasom
kajkiž	kajkiž
kajkim	kajkim
kajkejž	kajkejž
kajkaž	kajkaž
jzraelu	jzraelu
jzraelo	jzraelo
jzaaka	jzaaka
jutry	jutry
jutrowničku	jutrowničku
judašowy	judašowy
judaš	judaš
judašišarioth	judašišarioth
judaša	judaša
jozesowy	jozesowy
jozeph	jozeph
jozephej	jozephej
jordanzkej	jordanzkej
jordanje	jordanje
jon	jon
joel	joel
jimał	jimał
jimali	jimali
jimać	jimać
jimachu	jimachu
jidnaćo	jidnaćo
jidnaće	jidnaće
jichtnym	jichtnym
jichtny	jichtny
jichtneho	jichtneho
jezusowe	jezusowe
jezom	jezom
jezajas	jezajas
jěsće	jěsće
jeruzalemu	jeruzalemu
jeruzalemčenjo	jeruzalemčenjo
jenym	jenym
jeničkeho	jeničkeho
jejne	jejne
jehline	jehline
jědź	jědź
jědźe	jědźe
jědźa	jědźa
jebate	jebate
jebanje	jebanje
jdumejzkeje	jdumejzkeje
jazykami	jazykami
jaztwo	jaztwo
jaztwje	jaztwje
jateho	jateho
jasnje	jasnje
jasna	jasna
janowa	janowa
janom	janom
jandźelow	jandźelow
jandźela	jandźela
jamu	jamu
jakubowy	jakubowy
jakubowemu	jakubowemu
jakuboweho	jakuboweho
jakubowa	jakubowa
jakubom	jakubom
jakubej	jakubej
jak	jak
jairus	jairus
jairowej	jairowej
iy	iy
iv	iv
išariotha	išariotha
im	im
hwězdy	hwězdy
hubomaj	hubomaj
hroznozć	hroznozć
hrožeše	hrožeše
hroza	hroza
hromadźe	hromadźe
hrodźe	hrodźe
hroda	hroda
hrimanja	hrimanja
hrěšnym	hrěšnym
hrěšny	hrěšny
hrěchow	hrěchow
hóztny	hóztny
hozpodarjej	hozpodarjej
hozianna	hozianna
hozćo	hozćo
hotowy	hotowy
hotowu	hotowu
hotowaše	hotowaše
hory	hory
horjo	horjo
horjeztawanju	horjeztawanju
horjekach	horjekach
hórje	hórje
honi	honi
holčo	holčo
hołbje	hołbje
hołbja	hołbja
hoji	hoji
hodźi	hodźi
hódny	hódny
hnězda	hnězda
hněwom	hněwom
hněwny	hněwny
hněwachu	hněwachu
hněwać	hněwać
hłuchim	hłuchim
hłuchi	hłuchi
hłuchich	hłuchich
hłucheho	hłucheho
hłuboku	hłuboku
hłowy	hłowy
hłowje	hłowje
hłowa	hłowa
hladaštej	hladaštej
hladajmy	hladajmy
hladaj	hladaj
hladać	hladać
hiztorija	hiztorija
hiob	hiob
hinakšim	hinakšim
hinak	hinak
hidźeni	hidźeni
hibać	hibać
hewak	hewak
hěty	hěty
herodias	herodias
herodašowymi	herodašowymi
herodašowych	herodašowych
[herodaš	[herodaš
herodaša	herodaša
herbztwo	herbztwo
herba	herba
hephata	hephata
helzkeho	helzkeho
hejtman	hejtman
hejtmanam	hejtmanam
hejchleŕztwje	hejchleŕztwje
"hěbr"""	"hěbr"""
hanještaj	hanještaj
hanja	hanja
hani	hani
hanibuje	hanibuje
hanibować	hanibować
handrijoweje	handrijoweje
handrij	handrij
hamjeń	hamjeń
hałoza	hałoza
hakle	hakle
haha	haha
hady	hady
guk	guk
grichizka	grichizka
grat	grat
gomorzkim	gomorzkim
golgatha	golgatha
gmejn	gmejn
gethzemane	gethzemane
genezarethzkeho	genezarethzkeho
galilejzku	galilejzku
galilejzkim	galilejzkim
galilejzki	galilejzki
galilejzkich	galilejzkich
galilejzkemu	galilejzkemu
gal	gal
gadarenzkeho	gadarenzkeho
figowzu	figowzu
figowza	figowza
figi	figi
fěrštow	fěrštow
fěrštojo	fěrštojo
falšnje	falšnje
falšne	falšne
eliasej	eliasej
eliasa	eliasa
e	e
dźowkow	dźowkow
dźowki	dźowki
dźowčatko	dźowčatko
dźiwy	dźiwy
dźiše	dźiše
dźewjateje	dźewjateje
dźewjatej	dźewjatej
dźeš	dźeš
dźesaćo	dźesaćo
dźeržiće	dźeržiće
dźeržeše	dźeržeše
dźeržał	dźeržał
dźerža	dźerža
dźeržachu	dźeržachu
dźěra	dźěra
dźensnišeho	dźensnišeho
dźens	dźens
dźemy	dźemy
dźěło	dźěło
dźěćatkach	dźěćatkach
dyrbju	dyrbju
dyrbjał	dyrbjał
dyrbjachu	dyrbjachu
dyrbiće	dyrbiće
dwór	dwór
dwoje	dwoje
duši	duši
duše	duše
duša	duša
durjow	durjow
durje	durje
durjam	durjam
durjach	durjach
duchami	duchami
ducham	ducham
dróžšo	dróžšo
drohi	drohi
drjewow	drjewow
drjebjeńčkow	drjebjeńčkow
drazta	drazta
drazće	drazće
dowěrjenje	dowěrjenje
dótknył	dótknył
dótknyła	dótknyła
dótkachu	dótkachu
dosahnje	dosahnje
dopjelnjeny	dopjelnjeny
domy	domy
dołhimi	dołhimi
dołhej	dołhej
dokonjane	dokonjane
dobył	dobył
dobrotu	dobrotu
dobro	dobro
dobre	dobre
dobra	dobra
dobo	dobo
dnju	dnju
dnjow	dnjow
dnjomaj	dnjomaj
djaboła	djaboła
delekach	delekach
dawno	dawno
dawaše	dawaše
dawamy	dawamy
dawachu	dawachu
dawaće	dawaće
davit	davit
davita	davita
daty	daty
dapitowy	dapitowy
dańzkim	dańzkim
daniel	daniel
dań	dań
dalmanutzkeho	dalmanutzkeho
dali	dali
cžowjeka	cžowjeka
cžlowjek	cžlowjek
cžlowjeka	cžlowjeka
cžim	cžim
cžeji	cžeji
čuješe	čuješe
črjóda	črjóda
črijow	črijow
črijach	črijach
čož	čož
čomu	čomu
ćma	ćma
člowječne	člowječne
člorzkim	člorzkim
člorwzke	člorwzke
ćizkaštaj	ćizkaštaj
ćizkachu	ćizkachu
čizćenju	čizćenju
čizće	čizće
ćisnuł	ćisnuł
ćisnje	ćisnje
ćišina	ćišina
ćišća	ćišća
ćišćachu	ćišćachu
čińmy	čińmy
činiło	činiło
čińće	čińće
ćim	ćim
ćichi	ćichi
chzyli	chzyli
chzyk	chzyk
chzetaj	chzetaj
chzeš⸗li	chzeš⸗li
chzemój	chzemój
chzedźa	chzedźa
chce⸗li	chce⸗li
ćežzy	ćežzy
ćežko	ćežko
ćežkim	ćežkim
ćěšnym	ćěšnym
česny	česny
ćěslojo	ćěslojo
ćěsla	ćěsla
čert	čert
čertam	čertam
čeŕró	čeŕró
ćeŕpjenje	ćeŕpjenje
ćeŕpiła	ćeŕpiła
ćernjowu	ćernjowu
čerje	čerje
ćěriće	ćěriće
čerći	čerći
čeledźe	čeledźe
ćekny	ćekny
ćeknjenju	ćeknjenju
ćěkanje	ćěkanje
čejeje	čejeje
cantate	cantate
byłe	byłe
bydleše	bydleše
bydla	bydla
bychmój	bychmój
budźemój	budźemój
budźće	budźće
budźa⸗li	budźa⸗li
brjucha	brjucha
brjohej	brjohej
brjoh	brjoh
brał	brał
božim	božim
božich	božich
božemu	božemu
božej	božej
bojiće	bojiće
bohaty	bohaty
bohaći	bohaći
boanerges	boanerges
błudnikow	błudnikow
bližšich	bližšich
blidow	blidow
blida	blida
bjerje	bjerje
bjedrach	bjedrach
bje	bje
biješe	biješe
bić	bić
běžawši	běžawši
běžachu	běžachu
bethfage	bethfage
bethanii	bethanii
běrtl	běrtl
běłu	běłu
běłej	běłej
běła	běła
beelzebuba	beelzebuba
bědźenje	bědźenje
bědny	bědny
bartroma	bartroma
bartimeusu	bartimeusu
bartimej	bartimej
barbaŕ	barbaŕ
barabbas	barabbas
arimathije	arimathije
apšinućichu	Apšinućichu
apósła	A pósła
alfeoweho	alfeoweho
alfejoweho	alfejoweho
alexandrowy	Aleksandrowy
ako	ako
ajako	ajako
ach	ach
abrahama	Abrahama
abjathara	Abjathara
abba	abba
